{
    "model": {
        "type": "range_dispatch",
        "property": "custom_model_data",
        "fallback": {
            "type": "model",
            "model": "item/iron_helmet"
        },
        "entries": [
            {
                "threshold": 1,
                "model": {
                    "type": "model",
                    "model": "copper_items:item/copper_helmet/copper_helmet"
                }
            },
            {
                "threshold": 2,
                "model": {
                    "type": "model",
                    "model": "copper_items:item/copper_helmet/copper_helmet1"
                }
            },
            {
                "threshold": 3,
                "model": {
                    "type": "model",
                    "model": "copper_items:item/copper_helmet/copper_helmet2"
                }
            },
            {
                "threshold": 4,
                "model": {
                    "type": "model",
                    "model": "copper_items:item/copper_helmet/copper_helmet3"
                }
            },
            {
                "threshold": 5,
                "model": {
                    "type": "model",
                    "model": "copper_items:item/copper_helmet/copper_helmet4"
                }
            }
        ]
    }
}