{
    "model": {
        "type": "range_dispatch",
        "property": "custom_model_data",
        "fallback": {
            "type": "model",
            "model": "item/golden_sword"
        },
        "entries": [
            {
                "threshold": 8,
                "model": {
                    "type": "model",
                    "model": "katanas:item/golden_katana_strong"
                }
            },
            {
                "threshold": 9,
                "model": {
                    "type": "model",
                    "model": "katanas:item/golden_katana"
                }
            },
            {
                "threshold": 10,
                "model": {
                    "type": "model",
                    "model": "daggers:item/gold_dagger"
                }
            }
        ]
    }
}
