{
    "model": {
        "type": "range_dispatch",
        "property": "custom_model_data",
        "fallback": {
            "type": "model",
            "model": "item/iron_axe"
        },
        "entries": [
            {
                "threshold": 1,
                "model": {
                    "type": "model",
                    "model": "copper_items:item/copper_axe/copper_axe"
                }
            },
            {
                "threshold": 2,
                "model": {
                    "type": "model",
                    "model": "copper_items:item/copper_axe/copper_axe1"
                }
            },
            {
                "threshold": 3,
                "model": {
                    "type": "model",
                    "model": "copper_items:item/copper_axe/copper_axe2"
                }
            },
            {
                "threshold": 4,
                "model": {
                    "type": "model",
                    "model": "copper_items:item/copper_axe/copper_axe3"
                }
            },
            {
                "threshold": 5,
                "model": {
                    "type": "model",
                    "model": "copper_items:item/copper_axe/copper_axe4"
                }
            }
        ]
    }
}
