{
    "parent": "item/generated",
    "textures": {
        "layer0": "item/crossbow_standby"
    },
    "display": {
        "thirdperson_righthand": {
            "rotation": [ -90, 0, -60 ],
            "translation": [ 2, 0.1, -3 ],
            "scale": [ 0.9, 0.9, 0.9 ]
        },
        "thirdperson_lefthand": {
            "rotation": [ -90, 0, 30 ],
            "translation": [ 2, 0.1, -3 ],
            "scale": [ 0.9, 0.9, 0.9 ]
        },
        "firstperson_righthand": {
            "rotation": [ -90, 0, -55 ],
            "translation": [ 1.13, 3.2, 1.13],
            "scale": [ 0.68, 0.68, 0.68 ]
        },
        "firstperson_lefthand": {
            "rotation": [ -90, 0, 35 ],
            "translation": [ 1.13, 3.2, 1.13],
            "scale": [ 0.68, 0.68, 0.68 ]
        }
    },
    "overrides": [
        { "predicate": { "pulling": 1 }, "model": "item/crossbow_pulling_0" },
        { "predicate": { "pulling": 1, "pull": 0.58 }, "model": "item/crossbow_pulling_1" },
        { "predicate": { "pulling": 1, "pull": 1.0 }, "model": "item/crossbow_pulling_2" },
        { "predicate": { "charged": 1 }, "model": "item/crossbow_arrow" },
        { "predicate": { "charged": 1, "firework": 1 }, "model": "item/crossbow_firework" },

        { "predicate": { "custom_model_data": 311001 }, "model": "tooltrims:item/trims/crossbow_linear_amethyst" }, 
        { "predicate": { "custom_model_data": 311001, "pulling": 1 }, "model": "tooltrims:item/trims/crossbow_pulling_0_linear_amethyst" }, 
        { "predicate": { "custom_model_data": 311001, "pulling": 1, "pull": 0.58 }, "model": "tooltrims:item/trims/crossbow_pulling_1_linear_amethyst" }, 
        { "predicate": { "custom_model_data": 311001, "pulling": 1, "pull": 1.0 }, "model": "tooltrims:item/trims/crossbow_pulling_2_linear_amethyst" }, 
        { "predicate": { "custom_model_data": 311001, "charged": 1 }, "model": "tooltrims:item/trims/crossbow_arrow_linear_amethyst" }, 
        { "predicate": { "custom_model_data": 311001, "charged": 1, "firework": 1 }, "model": "tooltrims:item/trims/crossbow_firework_linear_amethyst" },

        { "predicate": { "custom_model_data": 311002 }, "model": "tooltrims:item/trims/crossbow_linear_copper" }, 
        { "predicate": { "custom_model_data": 311002, "pulling": 1 }, "model": "tooltrims:item/trims/crossbow_pulling_0_linear_copper" }, 
        { "predicate": { "custom_model_data": 311002, "pulling": 1, "pull": 0.58 }, "model": "tooltrims:item/trims/crossbow_pulling_1_linear_copper" }, 
        { "predicate": { "custom_model_data": 311002, "pulling": 1, "pull": 1.0 }, "model": "tooltrims:item/trims/crossbow_pulling_2_linear_copper" }, 
        { "predicate": { "custom_model_data": 311002, "charged": 1 }, "model": "tooltrims:item/trims/crossbow_arrow_linear_copper" }, 
        { "predicate": { "custom_model_data": 311002, "charged": 1, "firework": 1 }, "model": "tooltrims:item/trims/crossbow_firework_linear_copper" },

        { "predicate": { "custom_model_data": 311003 }, "model": "tooltrims:item/trims/crossbow_linear_diamond" }, 
        { "predicate": { "custom_model_data": 311003, "pulling": 1 }, "model": "tooltrims:item/trims/crossbow_pulling_0_linear_diamond" }, 
        { "predicate": { "custom_model_data": 311003, "pulling": 1, "pull": 0.58 }, "model": "tooltrims:item/trims/crossbow_pulling_1_linear_diamond" }, 
        { "predicate": { "custom_model_data": 311003, "pulling": 1, "pull": 1.0 }, "model": "tooltrims:item/trims/crossbow_pulling_2_linear_diamond" }, 
        { "predicate": { "custom_model_data": 311003, "charged": 1 }, "model": "tooltrims:item/trims/crossbow_arrow_linear_diamond" }, 
        { "predicate": { "custom_model_data": 311003, "charged": 1, "firework": 1 }, "model": "tooltrims:item/trims/crossbow_firework_linear_diamond" },

        { "predicate": { "custom_model_data": 311004 }, "model": "tooltrims:item/trims/crossbow_linear_emerald" }, 
        { "predicate": { "custom_model_data": 311004, "pulling": 1 }, "model": "tooltrims:item/trims/crossbow_pulling_0_linear_emerald" }, 
        { "predicate": { "custom_model_data": 311004, "pulling": 1, "pull": 0.58 }, "model": "tooltrims:item/trims/crossbow_pulling_1_linear_emerald" }, 
        { "predicate": { "custom_model_data": 311004, "pulling": 1, "pull": 1.0 }, "model": "tooltrims:item/trims/crossbow_pulling_2_linear_emerald" }, 
        { "predicate": { "custom_model_data": 311004, "charged": 1 }, "model": "tooltrims:item/trims/crossbow_arrow_linear_emerald" }, 
        { "predicate": { "custom_model_data": 311004, "charged": 1, "firework": 1 }, "model": "tooltrims:item/trims/crossbow_firework_linear_emerald" },

        { "predicate": { "custom_model_data": 311005 }, "model": "tooltrims:item/trims/crossbow_linear_gold" }, 
        { "predicate": { "custom_model_data": 311005, "pulling": 1 }, "model": "tooltrims:item/trims/crossbow_pulling_0_linear_gold" }, 
        { "predicate": { "custom_model_data": 311005, "pulling": 1, "pull": 0.58 }, "model": "tooltrims:item/trims/crossbow_pulling_1_linear_gold" }, 
        { "predicate": { "custom_model_data": 311005, "pulling": 1, "pull": 1.0 }, "model": "tooltrims:item/trims/crossbow_pulling_2_linear_gold" }, 
        { "predicate": { "custom_model_data": 311005, "charged": 1 }, "model": "tooltrims:item/trims/crossbow_arrow_linear_gold" }, 
        { "predicate": { "custom_model_data": 311005, "charged": 1, "firework": 1 }, "model": "tooltrims:item/trims/crossbow_firework_linear_gold" },

        { "predicate": { "custom_model_data": 311006 }, "model": "tooltrims:item/trims/crossbow_linear_iron" }, 
        { "predicate": { "custom_model_data": 311006, "pulling": 1 }, "model": "tooltrims:item/trims/crossbow_pulling_0_linear_iron" }, 
        { "predicate": { "custom_model_data": 311006, "pulling": 1, "pull": 0.58 }, "model": "tooltrims:item/trims/crossbow_pulling_1_linear_iron" }, 
        { "predicate": { "custom_model_data": 311006, "pulling": 1, "pull": 1.0 }, "model": "tooltrims:item/trims/crossbow_pulling_2_linear_iron" }, 
        { "predicate": { "custom_model_data": 311006, "charged": 1 }, "model": "tooltrims:item/trims/crossbow_arrow_linear_iron" }, 
        { "predicate": { "custom_model_data": 311006, "charged": 1, "firework": 1 }, "model": "tooltrims:item/trims/crossbow_firework_linear_iron" },

        { "predicate": { "custom_model_data": 311007 }, "model": "tooltrims:item/trims/crossbow_linear_lapis" }, 
        { "predicate": { "custom_model_data": 311007, "pulling": 1 }, "model": "tooltrims:item/trims/crossbow_pulling_0_linear_lapis" }, 
        { "predicate": { "custom_model_data": 311007, "pulling": 1, "pull": 0.58 }, "model": "tooltrims:item/trims/crossbow_pulling_1_linear_lapis" }, 
        { "predicate": { "custom_model_data": 311007, "pulling": 1, "pull": 1.0 }, "model": "tooltrims:item/trims/crossbow_pulling_2_linear_lapis" }, 
        { "predicate": { "custom_model_data": 311007, "charged": 1 }, "model": "tooltrims:item/trims/crossbow_arrow_linear_lapis" }, 
        { "predicate": { "custom_model_data": 311007, "charged": 1, "firework": 1 }, "model": "tooltrims:item/trims/crossbow_firework_linear_lapis" },

        { "predicate": { "custom_model_data": 311008 }, "model": "tooltrims:item/trims/crossbow_linear_netherite" }, 
        { "predicate": { "custom_model_data": 311008, "pulling": 1 }, "model": "tooltrims:item/trims/crossbow_pulling_0_linear_netherite" }, 
        { "predicate": { "custom_model_data": 311008, "pulling": 1, "pull": 0.58 }, "model": "tooltrims:item/trims/crossbow_pulling_1_linear_netherite" }, 
        { "predicate": { "custom_model_data": 311008, "pulling": 1, "pull": 1.0 }, "model": "tooltrims:item/trims/crossbow_pulling_2_linear_netherite" }, 
        { "predicate": { "custom_model_data": 311008, "charged": 1 }, "model": "tooltrims:item/trims/crossbow_arrow_linear_netherite" }, 
        { "predicate": { "custom_model_data": 311008, "charged": 1, "firework": 1 }, "model": "tooltrims:item/trims/crossbow_firework_linear_netherite" },

        { "predicate": { "custom_model_data": 311009 }, "model": "tooltrims:item/trims/crossbow_linear_quartz" }, 
        { "predicate": { "custom_model_data": 311009, "pulling": 1 }, "model": "tooltrims:item/trims/crossbow_pulling_0_linear_quartz" }, 
        { "predicate": { "custom_model_data": 311009, "pulling": 1, "pull": 0.58 }, "model": "tooltrims:item/trims/crossbow_pulling_1_linear_quartz" }, 
        { "predicate": { "custom_model_data": 311009, "pulling": 1, "pull": 1.0 }, "model": "tooltrims:item/trims/crossbow_pulling_2_linear_quartz" }, 
        { "predicate": { "custom_model_data": 311009, "charged": 1 }, "model": "tooltrims:item/trims/crossbow_arrow_linear_quartz" }, 
        { "predicate": { "custom_model_data": 311009, "charged": 1, "firework": 1 }, "model": "tooltrims:item/trims/crossbow_firework_linear_quartz" },

        { "predicate": { "custom_model_data": 311010 }, "model": "tooltrims:item/trims/crossbow_linear_redstone" }, 
        { "predicate": { "custom_model_data": 311010, "pulling": 1 }, "model": "tooltrims:item/trims/crossbow_pulling_0_linear_redstone" }, 
        { "predicate": { "custom_model_data": 311010, "pulling": 1, "pull": 0.58 }, "model": "tooltrims:item/trims/crossbow_pulling_1_linear_redstone" }, 
        { "predicate": { "custom_model_data": 311010, "pulling": 1, "pull": 1.0 }, "model": "tooltrims:item/trims/crossbow_pulling_2_linear_redstone" }, 
        { "predicate": { "custom_model_data": 311010, "charged": 1 }, "model": "tooltrims:item/trims/crossbow_arrow_linear_redstone" }, 
        { "predicate": { "custom_model_data": 311010, "charged": 1, "firework": 1 }, "model": "tooltrims:item/trims/crossbow_firework_linear_redstone" },

        { "predicate": { "custom_model_data": 311011 }, "model": "tooltrims:item/trims/crossbow_tracks_amethyst" }, 
        { "predicate": { "custom_model_data": 311011, "pulling": 1 }, "model": "tooltrims:item/trims/crossbow_pulling_0_tracks_amethyst" }, 
        { "predicate": { "custom_model_data": 311011, "pulling": 1, "pull": 0.58 }, "model": "tooltrims:item/trims/crossbow_pulling_1_tracks_amethyst" }, 
        { "predicate": { "custom_model_data": 311011, "pulling": 1, "pull": 1.0 }, "model": "tooltrims:item/trims/crossbow_pulling_2_tracks_amethyst" }, 
        { "predicate": { "custom_model_data": 311011, "charged": 1 }, "model": "tooltrims:item/trims/crossbow_arrow_tracks_amethyst" }, 
        { "predicate": { "custom_model_data": 311011, "charged": 1, "firework": 1 }, "model": "tooltrims:item/trims/crossbow_firework_tracks_amethyst" },

        { "predicate": { "custom_model_data": 311012 }, "model": "tooltrims:item/trims/crossbow_tracks_copper" }, 
        { "predicate": { "custom_model_data": 311012, "pulling": 1 }, "model": "tooltrims:item/trims/crossbow_pulling_0_tracks_copper" }, 
        { "predicate": { "custom_model_data": 311012, "pulling": 1, "pull": 0.58 }, "model": "tooltrims:item/trims/crossbow_pulling_1_tracks_copper" }, 
        { "predicate": { "custom_model_data": 311012, "pulling": 1, "pull": 1.0 }, "model": "tooltrims:item/trims/crossbow_pulling_2_tracks_copper" }, 
        { "predicate": { "custom_model_data": 311012, "charged": 1 }, "model": "tooltrims:item/trims/crossbow_arrow_tracks_copper" }, 
        { "predicate": { "custom_model_data": 311012, "charged": 1, "firework": 1 }, "model": "tooltrims:item/trims/crossbow_firework_tracks_copper" },

        { "predicate": { "custom_model_data": 311013 }, "model": "tooltrims:item/trims/crossbow_tracks_diamond" }, 
        { "predicate": { "custom_model_data": 311013, "pulling": 1 }, "model": "tooltrims:item/trims/crossbow_pulling_0_tracks_diamond" }, 
        { "predicate": { "custom_model_data": 311013, "pulling": 1, "pull": 0.58 }, "model": "tooltrims:item/trims/crossbow_pulling_1_tracks_diamond" }, 
        { "predicate": { "custom_model_data": 311013, "pulling": 1, "pull": 1.0 }, "model": "tooltrims:item/trims/crossbow_pulling_2_tracks_diamond" }, 
        { "predicate": { "custom_model_data": 311013, "charged": 1 }, "model": "tooltrims:item/trims/crossbow_arrow_tracks_diamond" }, 
        { "predicate": { "custom_model_data": 311013, "charged": 1, "firework": 1 }, "model": "tooltrims:item/trims/crossbow_firework_tracks_diamond" },

        { "predicate": { "custom_model_data": 311014 }, "model": "tooltrims:item/trims/crossbow_tracks_emerald" }, 
        { "predicate": { "custom_model_data": 311014, "pulling": 1 }, "model": "tooltrims:item/trims/crossbow_pulling_0_tracks_emerald" }, 
        { "predicate": { "custom_model_data": 311014, "pulling": 1, "pull": 0.58 }, "model": "tooltrims:item/trims/crossbow_pulling_1_tracks_emerald" }, 
        { "predicate": { "custom_model_data": 311014, "pulling": 1, "pull": 1.0 }, "model": "tooltrims:item/trims/crossbow_pulling_2_tracks_emerald" }, 
        { "predicate": { "custom_model_data": 311014, "charged": 1 }, "model": "tooltrims:item/trims/crossbow_arrow_tracks_emerald" }, 
        { "predicate": { "custom_model_data": 311014, "charged": 1, "firework": 1 }, "model": "tooltrims:item/trims/crossbow_firework_tracks_emerald" },

        { "predicate": { "custom_model_data": 311015 }, "model": "tooltrims:item/trims/crossbow_tracks_gold" }, 
        { "predicate": { "custom_model_data": 311015, "pulling": 1 }, "model": "tooltrims:item/trims/crossbow_pulling_0_tracks_gold" }, 
        { "predicate": { "custom_model_data": 311015, "pulling": 1, "pull": 0.58 }, "model": "tooltrims:item/trims/crossbow_pulling_1_tracks_gold" }, 
        { "predicate": { "custom_model_data": 311015, "pulling": 1, "pull": 1.0 }, "model": "tooltrims:item/trims/crossbow_pulling_2_tracks_gold" }, 
        { "predicate": { "custom_model_data": 311015, "charged": 1 }, "model": "tooltrims:item/trims/crossbow_arrow_tracks_gold" }, 
        { "predicate": { "custom_model_data": 311015, "charged": 1, "firework": 1 }, "model": "tooltrims:item/trims/crossbow_firework_tracks_gold" },

        { "predicate": { "custom_model_data": 311016 }, "model": "tooltrims:item/trims/crossbow_tracks_iron" }, 
        { "predicate": { "custom_model_data": 311016, "pulling": 1 }, "model": "tooltrims:item/trims/crossbow_pulling_0_tracks_iron" }, 
        { "predicate": { "custom_model_data": 311016, "pulling": 1, "pull": 0.58 }, "model": "tooltrims:item/trims/crossbow_pulling_1_tracks_iron" }, 
        { "predicate": { "custom_model_data": 311016, "pulling": 1, "pull": 1.0 }, "model": "tooltrims:item/trims/crossbow_pulling_2_tracks_iron" }, 
        { "predicate": { "custom_model_data": 311016, "charged": 1 }, "model": "tooltrims:item/trims/crossbow_arrow_tracks_iron" }, 
        { "predicate": { "custom_model_data": 311016, "charged": 1, "firework": 1 }, "model": "tooltrims:item/trims/crossbow_firework_tracks_iron" },

        { "predicate": { "custom_model_data": 311017 }, "model": "tooltrims:item/trims/crossbow_tracks_lapis" }, 
        { "predicate": { "custom_model_data": 311017, "pulling": 1 }, "model": "tooltrims:item/trims/crossbow_pulling_0_tracks_lapis" }, 
        { "predicate": { "custom_model_data": 311017, "pulling": 1, "pull": 0.58 }, "model": "tooltrims:item/trims/crossbow_pulling_1_tracks_lapis" }, 
        { "predicate": { "custom_model_data": 311017, "pulling": 1, "pull": 1.0 }, "model": "tooltrims:item/trims/crossbow_pulling_2_tracks_lapis" }, 
        { "predicate": { "custom_model_data": 311017, "charged": 1 }, "model": "tooltrims:item/trims/crossbow_arrow_tracks_lapis" }, 
        { "predicate": { "custom_model_data": 311017, "charged": 1, "firework": 1 }, "model": "tooltrims:item/trims/crossbow_firework_tracks_lapis" },

        { "predicate": { "custom_model_data": 311018 }, "model": "tooltrims:item/trims/crossbow_tracks_netherite" }, 
        { "predicate": { "custom_model_data": 311018, "pulling": 1 }, "model": "tooltrims:item/trims/crossbow_pulling_0_tracks_netherite" }, 
        { "predicate": { "custom_model_data": 311018, "pulling": 1, "pull": 0.58 }, "model": "tooltrims:item/trims/crossbow_pulling_1_tracks_netherite" }, 
        { "predicate": { "custom_model_data": 311018, "pulling": 1, "pull": 1.0 }, "model": "tooltrims:item/trims/crossbow_pulling_2_tracks_netherite" }, 
        { "predicate": { "custom_model_data": 311018, "charged": 1 }, "model": "tooltrims:item/trims/crossbow_arrow_tracks_netherite" }, 
        { "predicate": { "custom_model_data": 311018, "charged": 1, "firework": 1 }, "model": "tooltrims:item/trims/crossbow_firework_tracks_netherite" },

        { "predicate": { "custom_model_data": 311019 }, "model": "tooltrims:item/trims/crossbow_tracks_quartz" }, 
        { "predicate": { "custom_model_data": 311019, "pulling": 1 }, "model": "tooltrims:item/trims/crossbow_pulling_0_tracks_quartz" }, 
        { "predicate": { "custom_model_data": 311019, "pulling": 1, "pull": 0.58 }, "model": "tooltrims:item/trims/crossbow_pulling_1_tracks_quartz" }, 
        { "predicate": { "custom_model_data": 311019, "pulling": 1, "pull": 1.0 }, "model": "tooltrims:item/trims/crossbow_pulling_2_tracks_quartz" }, 
        { "predicate": { "custom_model_data": 311019, "charged": 1 }, "model": "tooltrims:item/trims/crossbow_arrow_tracks_quartz" }, 
        { "predicate": { "custom_model_data": 311019, "charged": 1, "firework": 1 }, "model": "tooltrims:item/trims/crossbow_firework_tracks_quartz" },

        { "predicate": { "custom_model_data": 311020 }, "model": "tooltrims:item/trims/crossbow_tracks_redstone" }, 
        { "predicate": { "custom_model_data": 311020, "pulling": 1 }, "model": "tooltrims:item/trims/crossbow_pulling_0_tracks_redstone" }, 
        { "predicate": { "custom_model_data": 311020, "pulling": 1, "pull": 0.58 }, "model": "tooltrims:item/trims/crossbow_pulling_1_tracks_redstone" }, 
        { "predicate": { "custom_model_data": 311020, "pulling": 1, "pull": 1.0 }, "model": "tooltrims:item/trims/crossbow_pulling_2_tracks_redstone" }, 
        { "predicate": { "custom_model_data": 311020, "charged": 1 }, "model": "tooltrims:item/trims/crossbow_arrow_tracks_redstone" }, 
        { "predicate": { "custom_model_data": 311020, "charged": 1, "firework": 1 }, "model": "tooltrims:item/trims/crossbow_firework_tracks_redstone" },

        { "predicate": { "custom_model_data": 311021 }, "model": "tooltrims:item/trims/crossbow_charge_amethyst" }, 
        { "predicate": { "custom_model_data": 311021, "pulling": 1 }, "model": "tooltrims:item/trims/crossbow_pulling_0_charge_amethyst" }, 
        { "predicate": { "custom_model_data": 311021, "pulling": 1, "pull": 0.58 }, "model": "tooltrims:item/trims/crossbow_pulling_1_charge_amethyst" }, 
        { "predicate": { "custom_model_data": 311021, "pulling": 1, "pull": 1.0 }, "model": "tooltrims:item/trims/crossbow_pulling_2_charge_amethyst" }, 
        { "predicate": { "custom_model_data": 311021, "charged": 1 }, "model": "tooltrims:item/trims/crossbow_arrow_charge_amethyst" }, 
        { "predicate": { "custom_model_data": 311021, "charged": 1, "firework": 1 }, "model": "tooltrims:item/trims/crossbow_firework_charge_amethyst" },

        { "predicate": { "custom_model_data": 311022 }, "model": "tooltrims:item/trims/crossbow_charge_copper" }, 
        { "predicate": { "custom_model_data": 311022, "pulling": 1 }, "model": "tooltrims:item/trims/crossbow_pulling_0_charge_copper" }, 
        { "predicate": { "custom_model_data": 311022, "pulling": 1, "pull": 0.58 }, "model": "tooltrims:item/trims/crossbow_pulling_1_charge_copper" }, 
        { "predicate": { "custom_model_data": 311022, "pulling": 1, "pull": 1.0 }, "model": "tooltrims:item/trims/crossbow_pulling_2_charge_copper" }, 
        { "predicate": { "custom_model_data": 311022, "charged": 1 }, "model": "tooltrims:item/trims/crossbow_arrow_charge_copper" }, 
        { "predicate": { "custom_model_data": 311022, "charged": 1, "firework": 1 }, "model": "tooltrims:item/trims/crossbow_firework_charge_copper" },

        { "predicate": { "custom_model_data": 311023 }, "model": "tooltrims:item/trims/crossbow_charge_diamond" }, 
        { "predicate": { "custom_model_data": 311023, "pulling": 1 }, "model": "tooltrims:item/trims/crossbow_pulling_0_charge_diamond" }, 
        { "predicate": { "custom_model_data": 311023, "pulling": 1, "pull": 0.58 }, "model": "tooltrims:item/trims/crossbow_pulling_1_charge_diamond" }, 
        { "predicate": { "custom_model_data": 311023, "pulling": 1, "pull": 1.0 }, "model": "tooltrims:item/trims/crossbow_pulling_2_charge_diamond" }, 
        { "predicate": { "custom_model_data": 311023, "charged": 1 }, "model": "tooltrims:item/trims/crossbow_arrow_charge_diamond" }, 
        { "predicate": { "custom_model_data": 311023, "charged": 1, "firework": 1 }, "model": "tooltrims:item/trims/crossbow_firework_charge_diamond" },

        { "predicate": { "custom_model_data": 311024 }, "model": "tooltrims:item/trims/crossbow_charge_emerald" }, 
        { "predicate": { "custom_model_data": 311024, "pulling": 1 }, "model": "tooltrims:item/trims/crossbow_pulling_0_charge_emerald" }, 
        { "predicate": { "custom_model_data": 311024, "pulling": 1, "pull": 0.58 }, "model": "tooltrims:item/trims/crossbow_pulling_1_charge_emerald" }, 
        { "predicate": { "custom_model_data": 311024, "pulling": 1, "pull": 1.0 }, "model": "tooltrims:item/trims/crossbow_pulling_2_charge_emerald" }, 
        { "predicate": { "custom_model_data": 311024, "charged": 1 }, "model": "tooltrims:item/trims/crossbow_arrow_charge_emerald" }, 
        { "predicate": { "custom_model_data": 311024, "charged": 1, "firework": 1 }, "model": "tooltrims:item/trims/crossbow_firework_charge_emerald" },

        { "predicate": { "custom_model_data": 311025 }, "model": "tooltrims:item/trims/crossbow_charge_gold" }, 
        { "predicate": { "custom_model_data": 311025, "pulling": 1 }, "model": "tooltrims:item/trims/crossbow_pulling_0_charge_gold" }, 
        { "predicate": { "custom_model_data": 311025, "pulling": 1, "pull": 0.58 }, "model": "tooltrims:item/trims/crossbow_pulling_1_charge_gold" }, 
        { "predicate": { "custom_model_data": 311025, "pulling": 1, "pull": 1.0 }, "model": "tooltrims:item/trims/crossbow_pulling_2_charge_gold" }, 
        { "predicate": { "custom_model_data": 311025, "charged": 1 }, "model": "tooltrims:item/trims/crossbow_arrow_charge_gold" }, 
        { "predicate": { "custom_model_data": 311025, "charged": 1, "firework": 1 }, "model": "tooltrims:item/trims/crossbow_firework_charge_gold" },

        { "predicate": { "custom_model_data": 311026 }, "model": "tooltrims:item/trims/crossbow_charge_iron" }, 
        { "predicate": { "custom_model_data": 311026, "pulling": 1 }, "model": "tooltrims:item/trims/crossbow_pulling_0_charge_iron" }, 
        { "predicate": { "custom_model_data": 311026, "pulling": 1, "pull": 0.58 }, "model": "tooltrims:item/trims/crossbow_pulling_1_charge_iron" }, 
        { "predicate": { "custom_model_data": 311026, "pulling": 1, "pull": 1.0 }, "model": "tooltrims:item/trims/crossbow_pulling_2_charge_iron" }, 
        { "predicate": { "custom_model_data": 311026, "charged": 1 }, "model": "tooltrims:item/trims/crossbow_arrow_charge_iron" }, 
        { "predicate": { "custom_model_data": 311026, "charged": 1, "firework": 1 }, "model": "tooltrims:item/trims/crossbow_firework_charge_iron" },

        { "predicate": { "custom_model_data": 311027 }, "model": "tooltrims:item/trims/crossbow_charge_lapis" }, 
        { "predicate": { "custom_model_data": 311027, "pulling": 1 }, "model": "tooltrims:item/trims/crossbow_pulling_0_charge_lapis" }, 
        { "predicate": { "custom_model_data": 311027, "pulling": 1, "pull": 0.58 }, "model": "tooltrims:item/trims/crossbow_pulling_1_charge_lapis" }, 
        { "predicate": { "custom_model_data": 311027, "pulling": 1, "pull": 1.0 }, "model": "tooltrims:item/trims/crossbow_pulling_2_charge_lapis" }, 
        { "predicate": { "custom_model_data": 311027, "charged": 1 }, "model": "tooltrims:item/trims/crossbow_arrow_charge_lapis" }, 
        { "predicate": { "custom_model_data": 311027, "charged": 1, "firework": 1 }, "model": "tooltrims:item/trims/crossbow_firework_charge_lapis" },

        { "predicate": { "custom_model_data": 311028 }, "model": "tooltrims:item/trims/crossbow_charge_netherite" }, 
        { "predicate": { "custom_model_data": 311028, "pulling": 1 }, "model": "tooltrims:item/trims/crossbow_pulling_0_charge_netherite" }, 
        { "predicate": { "custom_model_data": 311028, "pulling": 1, "pull": 0.58 }, "model": "tooltrims:item/trims/crossbow_pulling_1_charge_netherite" }, 
        { "predicate": { "custom_model_data": 311028, "pulling": 1, "pull": 1.0 }, "model": "tooltrims:item/trims/crossbow_pulling_2_charge_netherite" }, 
        { "predicate": { "custom_model_data": 311028, "charged": 1 }, "model": "tooltrims:item/trims/crossbow_arrow_charge_netherite" }, 
        { "predicate": { "custom_model_data": 311028, "charged": 1, "firework": 1 }, "model": "tooltrims:item/trims/crossbow_firework_charge_netherite" },

        { "predicate": { "custom_model_data": 311029 }, "model": "tooltrims:item/trims/crossbow_charge_quartz" }, 
        { "predicate": { "custom_model_data": 311029, "pulling": 1 }, "model": "tooltrims:item/trims/crossbow_pulling_0_charge_quartz" }, 
        { "predicate": { "custom_model_data": 311029, "pulling": 1, "pull": 0.58 }, "model": "tooltrims:item/trims/crossbow_pulling_1_charge_quartz" }, 
        { "predicate": { "custom_model_data": 311029, "pulling": 1, "pull": 1.0 }, "model": "tooltrims:item/trims/crossbow_pulling_2_charge_quartz" }, 
        { "predicate": { "custom_model_data": 311029, "charged": 1 }, "model": "tooltrims:item/trims/crossbow_arrow_charge_quartz" }, 
        { "predicate": { "custom_model_data": 311029, "charged": 1, "firework": 1 }, "model": "tooltrims:item/trims/crossbow_firework_charge_quartz" },

        { "predicate": { "custom_model_data": 311030 }, "model": "tooltrims:item/trims/crossbow_charge_redstone" }, 
        { "predicate": { "custom_model_data": 311030, "pulling": 1 }, "model": "tooltrims:item/trims/crossbow_pulling_0_charge_redstone" }, 
        { "predicate": { "custom_model_data": 311030, "pulling": 1, "pull": 0.58 }, "model": "tooltrims:item/trims/crossbow_pulling_1_charge_redstone" }, 
        { "predicate": { "custom_model_data": 311030, "pulling": 1, "pull": 1.0 }, "model": "tooltrims:item/trims/crossbow_pulling_2_charge_redstone" }, 
        { "predicate": { "custom_model_data": 311030, "charged": 1 }, "model": "tooltrims:item/trims/crossbow_arrow_charge_redstone" }, 
        { "predicate": { "custom_model_data": 311030, "charged": 1, "firework": 1 }, "model": "tooltrims:item/trims/crossbow_firework_charge_redstone" },

        { "predicate": { "custom_model_data": 311031 }, "model": "tooltrims:item/trims/crossbow_frost_amethyst" }, 
        { "predicate": { "custom_model_data": 311031, "pulling": 1 }, "model": "tooltrims:item/trims/crossbow_pulling_0_frost_amethyst" }, 
        { "predicate": { "custom_model_data": 311031, "pulling": 1, "pull": 0.58 }, "model": "tooltrims:item/trims/crossbow_pulling_1_frost_amethyst" }, 
        { "predicate": { "custom_model_data": 311031, "pulling": 1, "pull": 1.0 }, "model": "tooltrims:item/trims/crossbow_pulling_2_frost_amethyst" }, 
        { "predicate": { "custom_model_data": 311031, "charged": 1 }, "model": "tooltrims:item/trims/crossbow_arrow_frost_amethyst" }, 
        { "predicate": { "custom_model_data": 311031, "charged": 1, "firework": 1 }, "model": "tooltrims:item/trims/crossbow_firework_frost_amethyst" },

        { "predicate": { "custom_model_data": 311032 }, "model": "tooltrims:item/trims/crossbow_frost_copper" }, 
        { "predicate": { "custom_model_data": 311032, "pulling": 1 }, "model": "tooltrims:item/trims/crossbow_pulling_0_frost_copper" }, 
        { "predicate": { "custom_model_data": 311032, "pulling": 1, "pull": 0.58 }, "model": "tooltrims:item/trims/crossbow_pulling_1_frost_copper" }, 
        { "predicate": { "custom_model_data": 311032, "pulling": 1, "pull": 1.0 }, "model": "tooltrims:item/trims/crossbow_pulling_2_frost_copper" }, 
        { "predicate": { "custom_model_data": 311032, "charged": 1 }, "model": "tooltrims:item/trims/crossbow_arrow_frost_copper" }, 
        { "predicate": { "custom_model_data": 311032, "charged": 1, "firework": 1 }, "model": "tooltrims:item/trims/crossbow_firework_frost_copper" },

        { "predicate": { "custom_model_data": 311033 }, "model": "tooltrims:item/trims/crossbow_frost_diamond" }, 
        { "predicate": { "custom_model_data": 311033, "pulling": 1 }, "model": "tooltrims:item/trims/crossbow_pulling_0_frost_diamond" }, 
        { "predicate": { "custom_model_data": 311033, "pulling": 1, "pull": 0.58 }, "model": "tooltrims:item/trims/crossbow_pulling_1_frost_diamond" }, 
        { "predicate": { "custom_model_data": 311033, "pulling": 1, "pull": 1.0 }, "model": "tooltrims:item/trims/crossbow_pulling_2_frost_diamond" }, 
        { "predicate": { "custom_model_data": 311033, "charged": 1 }, "model": "tooltrims:item/trims/crossbow_arrow_frost_diamond" }, 
        { "predicate": { "custom_model_data": 311033, "charged": 1, "firework": 1 }, "model": "tooltrims:item/trims/crossbow_firework_frost_diamond" },

        { "predicate": { "custom_model_data": 311034 }, "model": "tooltrims:item/trims/crossbow_frost_emerald" }, 
        { "predicate": { "custom_model_data": 311034, "pulling": 1 }, "model": "tooltrims:item/trims/crossbow_pulling_0_frost_emerald" }, 
        { "predicate": { "custom_model_data": 311034, "pulling": 1, "pull": 0.58 }, "model": "tooltrims:item/trims/crossbow_pulling_1_frost_emerald" }, 
        { "predicate": { "custom_model_data": 311034, "pulling": 1, "pull": 1.0 }, "model": "tooltrims:item/trims/crossbow_pulling_2_frost_emerald" }, 
        { "predicate": { "custom_model_data": 311034, "charged": 1 }, "model": "tooltrims:item/trims/crossbow_arrow_frost_emerald" }, 
        { "predicate": { "custom_model_data": 311034, "charged": 1, "firework": 1 }, "model": "tooltrims:item/trims/crossbow_firework_frost_emerald" },

        { "predicate": { "custom_model_data": 311035 }, "model": "tooltrims:item/trims/crossbow_frost_gold" }, 
        { "predicate": { "custom_model_data": 311035, "pulling": 1 }, "model": "tooltrims:item/trims/crossbow_pulling_0_frost_gold" }, 
        { "predicate": { "custom_model_data": 311035, "pulling": 1, "pull": 0.58 }, "model": "tooltrims:item/trims/crossbow_pulling_1_frost_gold" }, 
        { "predicate": { "custom_model_data": 311035, "pulling": 1, "pull": 1.0 }, "model": "tooltrims:item/trims/crossbow_pulling_2_frost_gold" }, 
        { "predicate": { "custom_model_data": 311035, "charged": 1 }, "model": "tooltrims:item/trims/crossbow_arrow_frost_gold" }, 
        { "predicate": { "custom_model_data": 311035, "charged": 1, "firework": 1 }, "model": "tooltrims:item/trims/crossbow_firework_frost_gold" },

        { "predicate": { "custom_model_data": 311036 }, "model": "tooltrims:item/trims/crossbow_frost_iron" }, 
        { "predicate": { "custom_model_data": 311036, "pulling": 1 }, "model": "tooltrims:item/trims/crossbow_pulling_0_frost_iron" }, 
        { "predicate": { "custom_model_data": 311036, "pulling": 1, "pull": 0.58 }, "model": "tooltrims:item/trims/crossbow_pulling_1_frost_iron" }, 
        { "predicate": { "custom_model_data": 311036, "pulling": 1, "pull": 1.0 }, "model": "tooltrims:item/trims/crossbow_pulling_2_frost_iron" }, 
        { "predicate": { "custom_model_data": 311036, "charged": 1 }, "model": "tooltrims:item/trims/crossbow_arrow_frost_iron" }, 
        { "predicate": { "custom_model_data": 311036, "charged": 1, "firework": 1 }, "model": "tooltrims:item/trims/crossbow_firework_frost_iron" },

        { "predicate": { "custom_model_data": 311037 }, "model": "tooltrims:item/trims/crossbow_frost_lapis" }, 
        { "predicate": { "custom_model_data": 311037, "pulling": 1 }, "model": "tooltrims:item/trims/crossbow_pulling_0_frost_lapis" }, 
        { "predicate": { "custom_model_data": 311037, "pulling": 1, "pull": 0.58 }, "model": "tooltrims:item/trims/crossbow_pulling_1_frost_lapis" }, 
        { "predicate": { "custom_model_data": 311037, "pulling": 1, "pull": 1.0 }, "model": "tooltrims:item/trims/crossbow_pulling_2_frost_lapis" }, 
        { "predicate": { "custom_model_data": 311037, "charged": 1 }, "model": "tooltrims:item/trims/crossbow_arrow_frost_lapis" }, 
        { "predicate": { "custom_model_data": 311037, "charged": 1, "firework": 1 }, "model": "tooltrims:item/trims/crossbow_firework_frost_lapis" },

        { "predicate": { "custom_model_data": 311038 }, "model": "tooltrims:item/trims/crossbow_frost_netherite" }, 
        { "predicate": { "custom_model_data": 311038, "pulling": 1 }, "model": "tooltrims:item/trims/crossbow_pulling_0_frost_netherite" }, 
        { "predicate": { "custom_model_data": 311038, "pulling": 1, "pull": 0.58 }, "model": "tooltrims:item/trims/crossbow_pulling_1_frost_netherite" }, 
        { "predicate": { "custom_model_data": 311038, "pulling": 1, "pull": 1.0 }, "model": "tooltrims:item/trims/crossbow_pulling_2_frost_netherite" }, 
        { "predicate": { "custom_model_data": 311038, "charged": 1 }, "model": "tooltrims:item/trims/crossbow_arrow_frost_netherite" }, 
        { "predicate": { "custom_model_data": 311038, "charged": 1, "firework": 1 }, "model": "tooltrims:item/trims/crossbow_firework_frost_netherite" },

        { "predicate": { "custom_model_data": 311039 }, "model": "tooltrims:item/trims/crossbow_frost_quartz" }, 
        { "predicate": { "custom_model_data": 311039, "pulling": 1 }, "model": "tooltrims:item/trims/crossbow_pulling_0_frost_quartz" }, 
        { "predicate": { "custom_model_data": 311039, "pulling": 1, "pull": 0.58 }, "model": "tooltrims:item/trims/crossbow_pulling_1_frost_quartz" }, 
        { "predicate": { "custom_model_data": 311039, "pulling": 1, "pull": 1.0 }, "model": "tooltrims:item/trims/crossbow_pulling_2_frost_quartz" }, 
        { "predicate": { "custom_model_data": 311039, "charged": 1 }, "model": "tooltrims:item/trims/crossbow_arrow_frost_quartz" }, 
        { "predicate": { "custom_model_data": 311039, "charged": 1, "firework": 1 }, "model": "tooltrims:item/trims/crossbow_firework_frost_quartz" },

        { "predicate": { "custom_model_data": 311040 }, "model": "tooltrims:item/trims/crossbow_frost_redstone" }, 
        { "predicate": { "custom_model_data": 311040, "pulling": 1 }, "model": "tooltrims:item/trims/crossbow_pulling_0_frost_redstone" }, 
        { "predicate": { "custom_model_data": 311040, "pulling": 1, "pull": 0.58 }, "model": "tooltrims:item/trims/crossbow_pulling_1_frost_redstone" }, 
        { "predicate": { "custom_model_data": 311040, "pulling": 1, "pull": 1.0 }, "model": "tooltrims:item/trims/crossbow_pulling_2_frost_redstone" }, 
        { "predicate": { "custom_model_data": 311040, "charged": 1 }, "model": "tooltrims:item/trims/crossbow_arrow_frost_redstone" }, 
        { "predicate": { "custom_model_data": 311040, "charged": 1, "firework": 1 }, "model": "tooltrims:item/trims/crossbow_firework_frost_redstone" }
    ]
}