{
	"parent": "item/handheld",
	"textures": {
		"layer0": "item/iron_leggings"
	},
	
	"overrides": [
		{"predicate": {"custom_model_data":1}, "model": "copper_items:item/copper_leggings/copper_leggings"},
		{"predicate": {"custom_model_data":2}, "model": "copper_items:item/copper_leggings/copper_leggings1"},
		{"predicate": {"custom_model_data":3}, "model": "copper_items:item/copper_leggings/copper_leggings2"},
		{"predicate": {"custom_model_data":4}, "model": "copper_items:item/copper_leggings/copper_leggings3"},
		{"predicate": {"custom_model_data":5}, "model": "copper_items:item/copper_leggings/copper_leggings4"}	]
}