{
	"parent": "item/handheld",
	"textures": {
		"layer0": "item/iron_axe"
	},
	
	"overrides": [
		{"predicate": {"custom_model_data":1}, "model": "copper_items:item/copper_axe/copper_axe"},
		{"predicate": {"custom_model_data":2}, "model": "copper_items:item/copper_axe/copper_axe1"},
		{"predicate": {"custom_model_data":3}, "model": "copper_items:item/copper_axe/copper_axe2"},
		{"predicate": {"custom_model_data":4}, "model": "copper_items:item/copper_axe/copper_axe3"},
		{"predicate": {"custom_model_data":5}, "model": "copper_items:item/copper_axe/copper_axe4"}
	]
}
