{
	"parent": "item/handheld",
	"textures": {
		"layer0": "item/iron_chestplate"
	},
	
	"overrides": [
		{"predicate": {"custom_model_data":1}, "model": "copper_items:item/copper_chestplate/copper_chestplate"},
		{"predicate": {"custom_model_data":2}, "model": "copper_items:item/copper_chestplate/copper_chestplate1"},
		{"predicate": {"custom_model_data":3}, "model": "copper_items:item/copper_chestplate/copper_chestplate2"},
		{"predicate": {"custom_model_data":4}, "model": "copper_items:item/copper_chestplate/copper_chestplate3"},
		{"predicate": {"custom_model_data":5}, "model": "copper_items:item/copper_chestplate/copper_chestplate4"}
	]
}