{
    "parent": "minecraft:item/handheld",
    "textures": {
        "layer0": "minecraft:item/netherite_sword"
    },
    "overrides": [
        {"predicate": { "custom_model_data": 311001}, "model": "tooltrims:item/trims/netherite_sword_linear_amethyst"},
        {"predicate": { "custom_model_data": 311002}, "model": "tooltrims:item/trims/netherite_sword_linear_copper"},
        {"predicate": { "custom_model_data": 311003}, "model": "tooltrims:item/trims/netherite_sword_linear_diamond"},
        {"predicate": { "custom_model_data": 311004}, "model": "tooltrims:item/trims/netherite_sword_linear_emerald"},
        {"predicate": { "custom_model_data": 311005}, "model": "tooltrims:item/trims/netherite_sword_linear_gold"},
        {"predicate": { "custom_model_data": 311006}, "model": "tooltrims:item/trims/netherite_sword_linear_iron"},
        {"predicate": { "custom_model_data": 311007}, "model": "tooltrims:item/trims/netherite_sword_linear_lapis"},
        {"predicate": { "custom_model_data": 311008}, "model": "tooltrims:item/trims/netherite_sword_linear_netherite"},
        {"predicate": { "custom_model_data": 311009}, "model": "tooltrims:item/trims/netherite_sword_linear_quartz"},
        {"predicate": { "custom_model_data": 311010}, "model": "tooltrims:item/trims/netherite_sword_linear_redstone"},
        {"predicate": { "custom_model_data": 311011}, "model": "tooltrims:item/trims/netherite_sword_tracks_amethyst"},
        {"predicate": { "custom_model_data": 311012}, "model": "tooltrims:item/trims/netherite_sword_tracks_copper"},
        {"predicate": { "custom_model_data": 311013}, "model": "tooltrims:item/trims/netherite_sword_tracks_diamond"},
        {"predicate": { "custom_model_data": 311014}, "model": "tooltrims:item/trims/netherite_sword_tracks_emerald"},
        {"predicate": { "custom_model_data": 311015}, "model": "tooltrims:item/trims/netherite_sword_tracks_gold"},
        {"predicate": { "custom_model_data": 311016}, "model": "tooltrims:item/trims/netherite_sword_tracks_iron"},
        {"predicate": { "custom_model_data": 311017}, "model": "tooltrims:item/trims/netherite_sword_tracks_lapis"},
        {"predicate": { "custom_model_data": 311018}, "model": "tooltrims:item/trims/netherite_sword_tracks_netherite"},
        {"predicate": { "custom_model_data": 311019}, "model": "tooltrims:item/trims/netherite_sword_tracks_quartz"},
        {"predicate": { "custom_model_data": 311020}, "model": "tooltrims:item/trims/netherite_sword_tracks_redstone"},
        {"predicate": { "custom_model_data": 311021}, "model": "tooltrims:item/trims/netherite_sword_charge_amethyst"},
        {"predicate": { "custom_model_data": 311022}, "model": "tooltrims:item/trims/netherite_sword_charge_copper"},
        {"predicate": { "custom_model_data": 311023}, "model": "tooltrims:item/trims/netherite_sword_charge_diamond"},
        {"predicate": { "custom_model_data": 311024}, "model": "tooltrims:item/trims/netherite_sword_charge_emerald"},
        {"predicate": { "custom_model_data": 311025}, "model": "tooltrims:item/trims/netherite_sword_charge_gold"},
        {"predicate": { "custom_model_data": 311026}, "model": "tooltrims:item/trims/netherite_sword_charge_iron"},
        {"predicate": { "custom_model_data": 311027}, "model": "tooltrims:item/trims/netherite_sword_charge_lapis"},
        {"predicate": { "custom_model_data": 311028}, "model": "tooltrims:item/trims/netherite_sword_charge_netherite"},
        {"predicate": { "custom_model_data": 311029}, "model": "tooltrims:item/trims/netherite_sword_charge_quartz"},
        {"predicate": { "custom_model_data": 311030}, "model": "tooltrims:item/trims/netherite_sword_charge_redstone"},
        {"predicate": { "custom_model_data": 311031}, "model": "tooltrims:item/trims/netherite_sword_frost_amethyst"},
        {"predicate": { "custom_model_data": 311032}, "model": "tooltrims:item/trims/netherite_sword_frost_copper"},
        {"predicate": { "custom_model_data": 311033}, "model": "tooltrims:item/trims/netherite_sword_frost_diamond"},
        {"predicate": { "custom_model_data": 311034}, "model": "tooltrims:item/trims/netherite_sword_frost_emerald"},
        {"predicate": { "custom_model_data": 311035}, "model": "tooltrims:item/trims/netherite_sword_frost_gold"},
        {"predicate": { "custom_model_data": 311036}, "model": "tooltrims:item/trims/netherite_sword_frost_iron"},
        {"predicate": { "custom_model_data": 311037}, "model": "tooltrims:item/trims/netherite_sword_frost_lapis"},
        {"predicate": { "custom_model_data": 311038}, "model": "tooltrims:item/trims/netherite_sword_frost_netherite"},
        {"predicate": { "custom_model_data": 311039}, "model": "tooltrims:item/trims/netherite_sword_frost_quartz"},
        {"predicate": { "custom_model_data": 311040}, "model": "tooltrims:item/trims/netherite_sword_frost_redstone"}
    ]
}