{
	"parent": "item/handheld",
	"textures": {
		"layer0": "item/stone_hoe"
	},
	
	"overrides": [
		{"predicate": {"custom_model_data":1}, "model": "copper_items:item/copper_hoe/copper_hoe"},
		{"predicate": {"custom_model_data":2}, "model": "copper_items:item/copper_hoe/copper_hoe1"},
		{"predicate": {"custom_model_data":3}, "model": "copper_items:item/copper_hoe/copper_hoe2"},
		{"predicate": {"custom_model_data":4}, "model": "copper_items:item/copper_hoe/copper_hoe3"},
		{"predicate": {"custom_model_data":5}, "model": "copper_items:item/copper_hoe/copper_hoe4"}

	]
}